Tarih,Uretim_Adedi,Ortalama_Arac_Fiyati,Dolar_Kuru,Tasit_Kredisi_Faizi,Yillik_Enflasyon,Satis_Adedi
2016-01-03,1599,45000,2.95,15.0,15.0,1546
2016-01-10,1270,48311,3.05,15.23,15.33,1204
2016-01-17,1257,51623,3.15,15.46,15.67,1184
2016-01-24,1233,54935,3.24,15.69,16.0,1161
2016-01-31,1211,58247,3.34,15.92,16.33,1141
2016-02-07,981,61559,3.44,16.15,16.66,905
2016-02-14,1135,64871,3.54,16.38,16.99,1064
2016-02-21,1068,68183,3.63,16.61,17.33,1004
2016-02-28,1060,71495,3.73,16.83,17.66,1019
2016-03-06,917,74807,3.83,17.06,17.99,877
2016-03-13,958,78119,3.92,17.29,18.32,885
2016-03-20,982,81431,4.02,17.51,18.64,942
2016-03-27,937,84743,4.12,17.74,18.97,880
2016-04-03,1017,88055,4.21,17.96,19.3,950
2016-04-10,1038,91366,4.31,18.18,19.62,962
2016-04-17,1038,94678,4.4,18.4,19.95,960
2016-04-24,921,97990,4.49,18.62,20.27,860
2016-05-01,999,101302,4.59,18.84,20.59,933
2016-05-08,970,104614,4.68,19.05,20.92,896
2016-05-15,898,107926,4.77,19.27,21.23,837
2016-05-22,1056,111238,4.86,19.48,21.55,977
2016-05-29,1065,114550,4.95,19.69,21.87,1005
2016-06-05,892,117862,5.04,19.9,22.18,843
2016-06-12,906,121174,5.13,20.1,22.5,842
2016-06-19,1088,124486,5.22,20.31,22.81,1010
2016-06-26,953,127798,5.31,20.51,23.12,888
2016-07-03,923,131110,5.4,20.71,23.43,856
2016-07-10,971,134422,5.48,20.9,23.73,920
2016-07-17,933,137733,5.57,21.1,24.04,881
2016-07-24,993,141045,5.65,21.29,24.34,932
2016-07-31,967,144357,5.73,21.48,24.64,910
2016-08-07,949,147669,5.82,21.67,24.94,878
2016-08-14,1022,150981,5.9,21.85,25.23,963
2016-08-21,1001,154293,5.98,22.03,25.53,927
2016-08-28,910,157605,6.06,22.21,25.82,831
2016-09-04,1057,160917,6.14,22.38,26.1,978
2016-09-11,1039,164229,6.21,22.56,26.39,960
2016-09-18,877,167541,6.29,22.72,26.67,822
2016-09-25,967,170853,6.36,22.89,26.95,891
2016-10-02,908,174165,6.44,23.05,27.23,841
2016-10-09,1048,177477,6.51,23.21,27.5,971
2016-10-16,1002,180788,6.58,23.37,27.78,945
2016-10-23,909,184100,6.65,23.52,28.04,843
2016-10-30,923,187412,6.72,23.67,28.31,845
2016-11-06,1019,190724,6.79,23.81,28.57,943
2016-11-13,886,194036,6.86,23.95,28.83,814
2016-11-20,949,197348,6.92,24.09,29.09,886
2016-11-27,876,200660,6.99,24.23,29.34,799
2016-12-04,1516,203972,7.05,24.36,29.59,1456
2016-12-11,1402,207284,7.11,24.48,29.84,1348
2016-12-18,1418,210596,7.18,24.61,30.08,1352
2016-12-25,1507,213908,7.24,24.72,30.32,1446
2017-01-01,1495,217220,7.29,24.84,30.56,1431
2017-01-08,1044,220532,7.35,24.95,30.79,977
2017-01-15,1140,223844,7.41,25.06,31.02,1062
2017-01-22,1045,227155,7.46,25.16,31.25,992
2017-01-29,1038,230467,7.52,25.26,31.47,976
2017-02-05,933,233779,7.57,25.35,31.69,889
2017-02-12,945,237091,7.62,25.44,31.9,891
2017-02-19,876,240403,7.67,25.53,32.11,819
2017-02-26,936,243715,7.72,25.61,32.32,884
2017-03-05,930,247027,7.76,25.69,32.52,866
2017-03-12,895,250339,7.81,25.76,32.72,839
2017-03-19,907,253651,7.86,25.83,32.92,865
2017-03-26,883,256963,7.9,25.9,33.11,843
2017-04-02,824,260275,7.94,25.96,33.3,778
2017-04-09,899,263587,7.98,26.02,33.48,847
2017-04-16,963,266899,8.02,26.07,33.66,916
2017-04-23,825,270211,8.06,26.12,33.84,752
2017-04-30,805,273522,8.1,26.16,34.01,739
2017-05-07,789,276834,8.14,26.2,34.17,742
2017-05-14,879,280146,8.17,26.24,34.34,836
2017-05-21,953,283458,8.21,26.27,34.5,901
2017-05-28,781,286770,8.24,26.3,34.65,735
2017-06-04,989,290082,8.27,26.32,34.8,911
2017-06-11,821,293394,8.3,26.34,34.95,778
2017-06-18,879,296706,8.33,26.35,35.09,831
2017-06-25,938,300018,8.36,26.37,35.22,896
2017-07-02,940,303330,8.39,26.37,35.36,880
2017-07-09,932,306642,8.42,26.37,35.49,877
2017-07-16,872,309954,8.44,26.37,35.61,802
2017-07-23,910,313266,8.47,26.37,35.73,838
2017-07-30,843,316577,8.49,26.36,35.84,766
2017-08-06,939,319889,8.52,26.34,35.95,897
2017-08-13,928,323201,8.54,26.32,36.06,880
2017-08-20,946,326513,8.56,26.3,36.16,876
2017-08-27,867,329825,8.58,26.28,36.26,792
2017-09-03,785,333137,8.6,26.25,36.35,741
2017-09-10,813,336449,8.62,26.21,36.44,736
2017-09-17,867,339761,8.64,26.17,36.52,790
2017-09-24,850,343073,8.66,26.13,36.6,808
2017-10-01,959,346385,8.68,26.09,36.68,888
2017-10-08,997,349697,8.69,26.04,36.75,922
2017-10-15,797,353009,8.71,25.99,36.82,748
2017-10-22,781,356321,8.73,25.93,36.88,731
2017-10-29,858,359633,8.74,25.87,36.93,817
2017-11-05,906,362944,8.76,25.81,36.99,834
2017-11-12,898,366256,8.77,25.74,37.03,835
2017-11-19,839,369568,8.79,25.67,37.08,776
2017-11-26,969,372880,8.8,25.6,37.12,905
2017-12-03,1471,376192,8.81,25.52,37.15,1411
2017-12-10,1446,379504,8.82,25.44,37.18,1400
2017-12-17,1334,382816,8.84,25.36,37.21,1258
2017-12-24,1403,386128,8.85,25.27,37.23,1334
2017-12-31,1404,389440,8.86,25.19,37.25,1358
2018-01-07,1095,392752,8.87,25.09,37.26,1038
2018-01-14,1127,396064,8.89,25.0,37.27,1052
2018-01-21,1020,399376,8.9,24.9,37.27,953
2018-01-28,1021,402688,8.91,24.8,37.27,955
2018-02-04,929,406000,8.92,24.7,37.27,869
2018-02-11,1012,409311,8.93,24.6,37.26,939
2018-02-18,886,412623,8.94,24.49,37.24,837
2018-02-25,953,415935,8.95,24.38,37.23,875
2018-03-04,897,419247,8.97,24.27,37.2,822
2018-03-11,805,422559,8.98,24.16,37.18,763
2018-03-18,808,425871,8.99,24.04,37.15,763
2018-03-25,871,429183,9.0,23.92,37.12,795
2018-04-01,925,432495,9.02,23.8,37.08,854
2018-04-08,898,435807,9.03,23.68,37.04,826
2018-04-15,890,439119,9.04,23.56,36.99,822
2018-04-22,966,442431,9.05,23.43,36.94,907
2018-04-29,911,445743,9.07,23.31,36.89,840
2018-05-06,927,449055,9.08,23.18,36.83,880
2018-05-13,855,452366,9.1,23.05,36.77,778
2018-05-20,934,455678,9.11,22.92,36.7,858
2018-05-27,929,458990,9.13,22.79,36.63,876
2018-06-03,846,462302,9.15,22.65,36.56,774
2018-06-10,1002,465614,9.16,22.52,36.48,945
2018-06-17,901,468926,9.18,22.38,36.4,861
2018-06-24,965,472238,9.2,22.25,36.32,897
2018-07-01,967,475550,9.22,22.11,36.23,914
2018-07-08,942,478862,9.24,21.98,36.14,897
2018-07-15,989,482174,9.26,21.84,36.04,911
2018-07-22,1011,485486,9.28,21.7,35.95,937
2018-07-29,964,488798,9.3,21.56,35.85,924
2018-08-05,986,492110,9.32,21.42,35.74,924
2018-08-12,1039,495422,9.35,21.28,35.63,967
2018-08-19,890,498733,9.37,21.15,35.52,812
2018-08-26,878,502045,9.4,21.01,35.41,824
2018-09-02,892,505357,9.42,20.87,35.29,813
2018-09-09,885,508669,9.45,20.73,35.17,832
2018-09-16,1037,511981,9.48,20.59,35.05,965
2018-09-23,958,515293,9.51,20.46,34.92,882
2018-09-30,939,518605,9.54,20.32,34.79,870
2018-10-07,975,521917,9.57,20.18,34.66,933
2018-10-14,1005,525229,9.6,20.05,34.53,953
2018-10-21,887,528541,9.63,19.91,34.39,832
2018-10-28,902,531853,9.67,19.78,34.25,831
2018-11-04,877,535165,9.7,19.65,34.11,827
2018-11-11,1054,538477,9.74,19.52,33.97,975
2018-11-18,987,541788,9.78,19.39,33.82,919
2018-11-25,1062,545100,9.82,19.26,33.67,984
2018-12-02,1526,548412,9.86,19.13,33.52,1457
2018-12-09,1400,551724,9.9,19.0,33.36,1348
2018-12-16,1479,555036,9.94,18.88,33.21,1423
2018-12-23,1373,558348,9.98,18.76,33.05,1312
2018-12-30,1469,561660,10.03,18.64,32.89,1404
2019-01-06,1242,564972,10.08,18.52,32.73,1187
2019-01-13,1152,568284,10.12,18.4,32.57,1091
2019-01-20,1196,571596,10.17,18.29,32.4,1143
2019-01-27,1119,574908,10.22,18.17,32.23,1075
2019-02-03,927,578220,10.27,18.06,32.06,850
2019-02-10,1041,581532,10.32,17.96,31.89,1000
2019-02-17,911,584844,10.38,17.85,31.72,854
2019-02-24,1037,588155,10.43,17.75,31.55,973
2019-03-03,1037,591467,10.49,17.65,31.37,974
2019-03-10,1049,594779,10.55,17.55,31.2,1000
2019-03-17,1079,598091,10.6,17.45,31.02,1009
2019-03-24,1071,601403,10.66,17.36,30.84,1003
2019-03-31,1059,604715,10.73,17.27,30.66,1007
2019-04-07,888,608027,10.79,17.18,30.48,844
2019-04-14,884,611339,10.85,17.1,30.3,822
2019-04-21,1001,614651,10.92,17.02,30.12,922
2019-04-28,910,617963,10.98,16.94,29.94,832
2019-05-05,921,621275,11.05,16.86,29.75,857
2019-05-12,1077,624587,11.12,16.79,29.57,1010
2019-05-19,939,627899,11.19,16.73,29.38,863
2019-05-26,1009,631211,11.26,16.66,29.2,949
2019-06-02,1044,634522,11.33,16.6,29.01,965
2019-06-09,945,637834,11.4,16.54,28.83,890
2019-06-16,929,641146,11.48,16.49,28.64,857
2019-06-23,964,644458,11.55,16.44,28.46,894
2019-06-30,1062,647770,11.63,16.39,28.27,987
2019-07-07,996,651082,11.7,16.35,28.09,956
2019-07-14,959,654394,11.78,16.31,27.9,881
2019-07-21,972,657706,11.86,16.27,27.71,908
2019-07-28,1071,661018,11.94,16.24,27.53,1031
2019-08-04,1014,664330,12.02,16.21,27.34,959
2019-08-11,1057,667642,12.11,16.19,27.16,982
2019-08-18,925,670954,12.19,16.17,26.97,870
2019-08-25,1022,674266,12.27,16.15,26.79,959
2019-09-01,974,677577,12.36,16.14,26.61,927
2019-09-08,944,680889,12.44,16.13,26.43,882
2019-09-15,1019,684201,12.53,16.13,26.24,962
2019-09-22,1087,687513,12.62,16.13,26.06,1039
2019-09-29,1019,690825,12.71,16.13,25.88,972
2019-10-06,1057,694137,12.8,16.14,25.71,982
2019-10-13,1066,697449,12.89,16.15,25.53,1017
2019-10-20,916,700761,12.98,16.17,25.35,856
2019-10-27,897,704073,13.07,16.19,25.18,853
2019-11-03,995,707385,13.16,16.21,25.0,942
2019-11-10,1009,710697,13.25,16.24,24.83,955
2019-11-17,1025,714009,13.35,16.28,24.66,947
2019-11-24,941,717321,13.44,16.32,24.49,870
2019-12-01,1549,720633,13.53,16.36,24.32,1492
2019-12-08,1496,723944,13.63,16.4,24.16,1417
2019-12-15,1416,727256,13.72,16.46,23.99,1353
2019-12-22,1454,730568,13.82,16.51,23.83,1401
2019-12-29,1490,733880,13.92,16.57,23.67,1439
2020-01-05,1147,737192,14.01,16.63,23.51,1085
2020-01-12,1251,740504,14.11,16.7,23.35,1179
2020-01-19,1315,743816,14.21,16.77,23.2,1239
2020-01-26,1276,747128,14.3,16.85,23.05,1198
2020-02-02,951,750440,14.4,16.93,22.9,880
2020-02-09,990,753752,14.5,17.01,22.75,938
2020-02-16,1061,757064,14.6,17.1,22.6,996
2020-02-23,931,760376,14.69,17.19,22.46,869
2020-03-01,983,763688,14.79,17.29,22.32,914
2020-03-08,949,767000,14.89,17.39,22.18,878
2020-03-15,1008,770311,14.99,17.5,22.05,956
2020-03-22,983,773623,15.09,17.61,21.92,911
2020-03-29,1103,776935,15.18,17.72,21.79,1035
2020-04-05,904,780247,15.28,17.84,21.66,860
2020-04-12,1002,783559,15.38,17.96,21.54,937
2020-04-19,920,786871,15.48,18.08,21.41,864
2020-04-26,993,790183,15.57,18.21,21.3,945
2020-05-03,1023,793495,15.67,18.34,21.18,953
2020-05-10,972,796807,15.77,18.48,21.07,906
2020-05-17,902,800119,15.86,18.62,20.96,851
2020-05-24,932,803431,15.96,18.76,20.86,890
2020-05-31,997,806743,16.06,18.91,20.75,928
2020-06-07,1042,810055,16.15,19.06,20.65,982
2020-06-14,1029,813366,16.25,19.21,20.56,988
2020-06-21,983,816678,16.34,19.37,20.47,915
2020-06-28,1072,819990,16.43,19.53,20.38,1024
2020-07-05,998,823302,16.53,19.69,20.29,943
2020-07-12,1014,826614,16.62,19.86,20.21,945
2020-07-19,941,829926,16.71,20.03,20.13,877
2020-07-26,955,833238,16.8,20.2,20.06,907
2020-08-02,1047,836550,16.89,20.38,19.99,991
2020-08-09,948,839862,16.98,20.56,19.92,907
2020-08-16,1062,843174,17.07,20.74,19.86,998
2020-08-23,921,846486,17.16,20.93,19.8,846
2020-08-30,943,849798,17.25,21.12,19.74,868
2020-09-06,996,853110,17.34,21.31,19.69,934
2020-09-13,1003,856422,17.42,21.5,19.65,937
2020-09-20,910,859733,17.51,21.69,19.6,863
2020-09-27,916,863045,17.59,21.89,19.56,868
2020-10-04,917,866357,17.67,22.09,19.53,851
2020-10-11,901,869669,17.76,22.3,19.5,834
2020-10-18,981,872981,17.84,22.5,19.47,924
2020-10-25,1018,876293,17.92,22.71,19.45,969
2020-11-01,852,879605,18.0,22.92,19.43,811
2020-11-08,888,882917,18.08,23.13,19.41,809
2020-11-15,1020,886229,18.15,23.34,19.4,946
2020-11-22,1040,889541,18.23,23.56,19.4,963
2020-11-29,1524,892853,18.3,23.77,19.4,1483
2020-12-06,1358,896165,18.38,23.99,19.4,1309
2020-12-13,1425,899477,18.45,24.21,19.4,1371
2020-12-20,1401,902788,18.52,24.43,19.42,1339
2020-12-27,1473,906100,18.59,24.65,19.43,1400
2021-01-03,1526,909412,18.66,24.88,19.45,1458
2021-01-10,1168,912724,18.73,25.1,19.48,1098
2021-01-17,1213,916036,18.8,25.33,19.5,1168
2021-01-24,1163,919348,18.86,25.55,19.54,1100
2021-01-31,1094,922660,18.93,25.78,19.58,1042
2021-02-07,829,925972,18.99,26.01,19.62,787
2021-02-14,909,929284,19.05,26.24,19.66,843
2021-02-21,936,932596,19.12,26.46,19.72,865
2021-02-28,925,935908,19.18,26.69,19.77,854
2021-03-07,969,939220,19.23,26.92,19.83,901
2021-03-14,919,942532,19.29,27.15,19.89,849
2021-03-21,940,945844,19.35,27.38,19.96,874
2021-03-28,874,949155,19.4,27.62,20.04,801
2021-04-04,889,952467,19.46,27.85,20.12,810
2021-04-11,835,955779,19.51,28.08,20.2,789
2021-04-18,982,959091,19.56,28.31,20.28,930
2021-04-25,923,962403,19.61,28.54,20.38,852
2021-05-02,842,965715,19.66,28.76,20.47,766
2021-05-09,935,969027,19.7,28.99,20.57,867
2021-05-16,918,972339,19.75,29.22,20.68,847
2021-05-23,859,975651,19.8,29.45,20.79,783
2021-05-30,822,978963,19.84,29.67,20.9,773
2021-06-06,972,982275,19.88,29.9,21.02,931
2021-06-13,970,985587,19.92,30.12,21.14,917
2021-06-20,1000,988899,19.96,30.35,21.27,930
2021-06-27,848,992211,20.0,30.57,21.4,789
2021-07-04,807,995522,20.04,30.79,21.53,742
2021-07-11,844,998834,20.08,31.01,21.67,777
2021-07-18,820,1002146,20.11,31.23,21.82,776
2021-07-25,817,1005458,20.15,31.44,21.97,742
2021-08-01,792,1008770,20.18,31.66,22.12,737
2021-08-08,974,1012082,20.21,31.87,22.28,915
2021-08-15,875,1015394,20.24,32.08,22.44,828
2021-08-22,970,1018706,20.27,32.29,22.6,892
2021-08-29,950,1022018,20.3,32.5,22.77,879
2021-09-05,785,1025330,20.33,32.7,22.95,726
2021-09-12,879,1028642,20.36,32.91,23.12,834
2021-09-19,891,1031954,20.38,33.11,23.31,812
2021-09-26,875,1035266,20.41,33.31,23.49,821
2021-10-03,838,1038577,20.43,33.5,23.68,783
2021-10-10,947,1041889,20.46,33.69,23.88,888
2021-10-17,794,1045201,20.48,33.88,24.08,724
2021-10-24,905,1048513,20.5,34.07,24.28,865
2021-10-31,844,1051825,20.52,34.26,24.48,773
2021-11-07,950,1055137,20.54,34.44,24.69,895
2021-11-14,885,1058449,20.56,34.62,24.91,817
2021-11-21,851,1061761,20.58,34.8,25.12,803
2021-11-28,866,1065073,20.6,34.97,25.34,820
2021-12-05,1365,1068385,20.62,35.14,25.57,1299
2021-12-12,1306,1071697,20.63,35.31,25.8,1239
2021-12-19,1387,1075009,20.65,35.47,26.03,1313
2021-12-26,1429,1078321,20.67,35.63,26.26,1363
2022-01-02,1293,1081633,20.68,35.79,26.5,1228
2022-01-09,1031,1084944,20.7,35.94,26.75,960
2022-01-16,959,1088256,20.71,36.09,26.99,881
2022-01-23,1088,1091568,20.73,36.24,27.24,1027
2022-01-30,1048,1094880,20.74,36.38,27.49,1004
2022-02-06,793,1098192,20.75,36.52,27.75,722
2022-02-13,818,1101504,20.76,36.66,28.01,752
2022-02-20,925,1104816,20.78,36.79,28.27,849
2022-02-27,847,1108128,20.79,36.92,28.53,782
2022-03-06,884,1111440,20.8,37.04,28.8,823
2022-03-13,786,1114752,20.81,37.16,29.07,718
2022-03-20,862,1118064,20.83,37.28,29.35,789
2022-03-27,778,1121376,20.84,37.39,29.62,735
2022-04-03,784,1124688,20.85,37.5,29.9,726
2022-04-10,866,1128000,20.86,37.61,30.18,805
2022-04-17,735,1131311,20.87,37.71,30.47,678
2022-04-24,894,1134623,20.88,37.81,30.75,838
2022-05-01,768,1137935,20.89,37.9,31.04,722
2022-05-08,903,1141247,20.91,37.99,31.34,848
2022-05-15,849,1144559,20.92,38.07,31.63,796
2022-05-22,902,1147871,20.93,38.15,31.93,823
2022-05-29,728,1151183,20.94,38.23,32.23,667
2022-06-05,756,1154495,20.96,38.3,32.53,716
2022-06-12,797,1157807,20.97,38.37,32.83,718
2022-06-19,833,1161119,20.98,38.43,33.14,776
2022-06-26,847,1164431,20.99,38.49,33.44,790
2022-07-03,855,1167743,21.01,38.54,33.75,798
2022-07-10,840,1171055,21.02,38.6,34.06,788
2022-07-17,849,1174366,21.04,38.64,34.38,793
2022-07-24,737,1177678,21.05,38.68,34.69,682
2022-07-31,853,1180990,21.07,38.72,35.01,797
2022-08-07,898,1184302,21.09,38.76,35.33,832
2022-08-14,712,1187614,21.1,38.79,35.64,635
2022-08-21,723,1190926,21.12,38.81,35.97,646
2022-08-28,737,1194238,21.14,38.83,36.29,673
2022-09-04,676,1197550,21.16,38.85,36.61,630
2022-09-11,694,1200862,21.18,38.86,36.93,637
2022-09-18,707,1204174,21.2,38.87,37.26,648
2022-09-25,694,1207486,21.22,38.87,37.59,632
2022-10-02,869,1210798,21.24,38.87,37.91,818
2022-10-09,771,1214110,21.26,38.87,38.24,706
2022-10-16,730,1217422,21.29,38.86,38.57,665
2022-10-23,849,1220733,21.31,38.85,38.9,798
2022-10-30,787,1224045,21.34,38.83,39.23,736
2022-11-06,868,1227357,21.36,38.81,39.56,789
2022-11-13,804,1230669,21.39,38.79,39.89,756
2022-11-20,826,1233981,21.42,38.76,40.23,777
2022-11-27,838,1237293,21.45,38.73,40.56,790
2022-12-04,1213,1240605,21.48,38.69,40.89,1149
2022-12-11,1236,1243917,21.51,38.65,41.22,1187
2022-12-18,1294,1247229,21.54,38.61,41.56,1242
2022-12-25,1334,1250541,21.57,38.56,41.89,1286
2023-01-01,1204,1253853,21.61,38.51,42.22,1141
2023-01-08,1032,1257165,21.64,38.46,42.55,987
2023-01-15,909,1260477,21.68,38.4,42.89,845
2023-01-22,975,1263788,21.72,38.34,43.22,915
2023-01-29,1038,1267100,21.76,38.27,43.55,971
2023-02-05,759,1270412,21.8,38.21,43.88,704
2023-02-12,782,1273724,21.84,38.14,44.21,704
2023-02-19,695,1277036,21.88,38.06,44.54,631
2023-02-26,841,1280348,21.92,37.98,44.87,765
2023-03-05,733,1283660,21.97,37.9,45.2,678
2023-03-12,785,1286972,22.02,37.82,45.53,706
2023-03-19,776,1290284,22.06,37.73,45.86,729
2023-03-26,710,1293596,22.11,37.64,46.18,652
2023-04-02,789,1296908,22.16,37.55,46.51,726
2023-04-09,799,1300220,22.21,37.45,46.83,750
2023-04-16,707,1303532,22.26,37.35,47.15,649
2023-04-23,776,1306844,22.32,37.25,47.48,715
2023-04-30,737,1310155,22.37,37.15,47.8,664
2023-05-07,872,1313467,22.43,37.04,48.11,795
2023-05-14,859,1316779,22.49,36.94,48.43,794
2023-05-21,780,1320091,22.54,36.83,48.75,707
2023-05-28,854,1323403,22.6,36.71,49.06,797
2023-06-04,708,1326715,22.67,36.6,49.37,658
2023-06-11,869,1330027,22.73,36.48,49.68,801
2023-06-18,849,1333339,22.79,36.36,49.99,797
2023-06-25,872,1336651,22.86,36.24,50.3,808
2023-07-02,656,1339963,22.92,36.12,50.6,611
2023-07-09,865,1343275,22.99,36.0,50.91,802
2023-07-16,878,1346587,23.06,35.87,51.21,803
2023-07-23,733,1349899,23.13,35.74,51.5,658
2023-07-30,782,1353211,23.2,35.61,51.8,738
2023-08-06,841,1356522,23.27,35.48,52.09,781
2023-08-13,809,1359834,23.34,35.35,52.39,745
2023-08-20,864,1363146,23.42,35.22,52.67,787
2023-08-27,850,1366458,23.49,35.09,52.96,775
2023-09-03,672,1369770,23.57,34.95,53.24,622
2023-09-10,735,1373082,23.64,34.82,53.53,680
2023-09-17,784,1376394,23.72,34.68,53.8,709
2023-09-24,869,1379706,23.8,34.54,54.08,792
2023-10-01,825,1383018,23.88,34.41,54.35,756
2023-10-08,822,1386330,23.96,34.27,54.62,755
2023-10-15,811,1389642,24.05,34.13,54.89,749
2023-10-22,791,1392954,24.13,33.99,55.15,721
2023-10-29,754,1396266,24.21,33.85,55.41,701
2023-11-05,806,1399577,24.3,33.72,55.67,759
2023-11-12,710,1402889,24.38,33.58,55.93,638
2023-11-19,865,1406201,24.47,33.44,56.18,796
2023-11-26,800,1409513,24.56,33.3,56.42,740
2023-12-03,1348,1412825,24.65,33.16,56.67,1287
2023-12-10,1320,1416137,24.74,33.02,56.91,1270
2023-12-17,1283,1419449,24.83,32.89,57.15,1208
2023-12-24,1367,1422761,24.92,32.75,57.38,1309
2023-12-31,1336,1426073,25.01,32.62,57.61,1257
2024-01-07,992,1429385,25.1,32.48,57.84,946
2024-01-14,1043,1432697,25.19,32.35,58.06,1001
2024-01-21,870,1436009,25.29,32.21,58.28,829
2024-01-28,932,1439321,25.38,32.08,58.5,860
2024-02-04,844,1442633,25.47,31.95,58.71,790
2024-02-11,700,1445944,25.57,31.82,58.92,644
2024-02-18,837,1449256,25.66,31.69,59.12,775
2024-02-25,871,1452568,25.76,31.57,59.32,809
2024-03-03,820,1455880,25.86,31.44,59.52,759
2024-03-10,786,1459192,25.95,31.32,59.71,714
2024-03-17,833,1462504,26.05,31.2,59.9,780
2024-03-24,870,1465816,26.15,31.08,60.09,791
2024-03-31,809,1469128,26.24,30.96,60.27,737
2024-04-07,873,1472440,26.34,30.84,60.45,800
2024-04-14,852,1475752,26.44,30.73,60.62,811
2024-04-21,862,1479064,26.54,30.62,60.79,802
2024-04-28,707,1482376,26.63,30.51,60.95,629
2024-05-05,717,1485688,26.73,30.4,61.11,659
2024-05-12,689,1489000,26.83,30.3,61.27,641
2024-05-19,837,1492311,26.93,30.2,61.42,791
2024-05-26,874,1495623,27.03,30.1,61.56,816
2024-06-02,717,1498935,27.12,30.0,61.71,664
2024-06-09,779,1502247,27.22,29.91,61.85,713
2024-06-16,814,1505559,27.32,29.81,61.98,761
2024-06-23,731,1508871,27.42,29.73,62.11,687
2024-06-30,807,1512183,27.51,29.64,62.23,734
2024-07-07,830,1515495,27.61,29.56,62.36,758
2024-07-14,781,1518807,27.71,29.48,62.47,717
2024-07-21,732,1522119,27.8,29.4,62.58,679
2024-07-28,696,1525431,27.9,29.33,62.69,656
2024-08-04,862,1528743,28.0,29.26,62.8,815
2024-08-11,812,1532055,28.09,29.19,62.89,749
2024-08-18,812,1535366,28.19,29.13,62.99,737
2024-08-25,837,1538678,28.28,29.07,63.08,770
2024-09-01,711,1541990,28.37,29.01,63.16,645
2024-09-08,715,1545302,28.47,28.96,63.24,665
2024-09-15,714,1548614,28.56,28.91,63.32,654
2024-09-22,725,1551926,28.65,28.87,63.39,665
2024-09-29,693,1555238,28.74,28.83,63.46,631
2024-10-06,786,1558550,28.83,28.79,63.52,707
2024-10-13,725,1561862,28.92,28.75,63.58,650
2024-10-20,776,1565174,29.01,28.72,63.64,721
2024-10-27,879,1568486,29.1,28.7,63.69,825
2024-11-03,716,1571798,29.19,28.68,63.73,637
2024-11-10,811,1575110,29.28,28.66,63.77,740
2024-11-17,718,1578422,29.36,28.64,63.81,658
2024-11-24,889,1581733,29.45,28.63,63.84,817
2024-12-01,1194,1585045,29.53,28.63,63.87,1151
2024-12-08,1286,1588357,29.61,28.63,63.89,1234
2024-12-15,1194,1591669,29.7,28.63,63.91,1147
2024-12-22,1327,1594981,29.78,28.63,63.92,1271
2024-12-29,1212,1598293,29.86,28.65,63.93,1139
2025-01-05,1082,1601605,29.94,28.66,63.94,1015
2025-01-12,1071,1604917,30.02,28.68,63.94,996
2025-01-19,991,1608229,30.09,28.7,63.93,923
2025-01-26,929,1611541,30.17,28.73,63.93,886
2025-02-02,714,1614853,30.24,28.76,63.92,670
2025-02-09,774,1618165,30.32,28.8,63.9,711
2025-02-16,821,1621477,30.39,28.84,63.88,742
2025-02-23,798,1624788,30.46,28.88,63.85,735
2025-03-02,708,1628100,30.53,28.93,63.83,667
2025-03-09,770,1631412,30.6,28.98,63.79,708
2025-03-16,823,1634724,30.67,29.04,63.76,772
2025-03-23,800,1638036,30.74,29.1,63.72,760
2025-03-30,807,1641348,30.8,29.17,63.67,751
2025-04-06,719,1644660,30.87,29.24,63.62,656
2025-04-13,873,1647972,30.93,29.31,63.57,814
2025-04-20,826,1651284,30.99,29.39,63.51,769
2025-04-27,782,1654596,31.06,29.47,63.45,722
2025-05-04,727,1657908,31.12,29.56,63.39,682
2025-05-11,837,1661220,31.17,29.65,63.32,776
2025-05-18,701,1664532,31.23,29.74,63.25,626
2025-05-25,766,1667844,31.29,29.84,63.17,692
2025-06-01,833,1671155,31.34,29.94,63.1,770
2025-06-08,865,1674467,31.4,30.05,63.01,797
2025-06-15,663,1677779,31.45,30.16,62.93,620
2025-06-22,867,1681091,31.5,30.28,62.84,813
2025-06-29,713,1684403,31.55,30.39,62.74,661
2025-07-06,856,1687715,31.6,30.52,62.65,816
2025-07-13,675,1691027,31.64,30.64,62.55,631
2025-07-20,685,1694339,31.69,30.77,62.44,637
2025-07-27,766,1697651,31.74,30.91,62.34,722
2025-08-03,805,1700963,31.78,31.05,62.23,746
2025-08-10,758,1704275,31.82,31.19,62.11,696
2025-08-17,867,1707587,31.86,31.33,62.0,797
2025-08-24,735,1710899,31.9,31.48,61.88,658
2025-08-31,813,1714211,31.94,31.63,61.76,755
2025-09-07,869,1717522,31.98,31.79,61.63,790
2025-09-14,694,1720834,32.02,31.95,61.5,653
2025-09-21,858,1724146,32.05,32.11,61.37,794
2025-09-28,852,1727458,32.09,32.28,61.24,801
2025-10-05,857,1730770,32.12,32.44,61.1,806
2025-10-12,756,1734082,32.15,32.62,60.97,705
2025-10-19,781,1737394,32.18,32.79,60.82,722
2025-10-26,720,1740706,32.21,32.97,60.68,648
2025-11-02,708,1744018,32.24,33.15,60.53,664
2025-11-09,776,1747330,32.27,33.33,60.39,729
2025-11-16,754,1750642,32.3,33.52,60.24,678
2025-11-23,655,1753954,32.32,33.71,60.08,608
2025-11-30,1296,1757266,32.35,33.9,59.93,1255
2025-12-07,1170,1760577,32.37,34.1,59.77,1103
2025-12-14,1246,1763889,32.4,34.29,59.61,1203
2025-12-21,1169,1767201,32.42,34.49,59.45,1111
2025-12-28,1287,1770513,32.44,34.69,59.29,1241
2026-01-04,1005,1773825,32.46,34.9,59.12,947
2026-01-11,997,1777137,32.48,35.1,58.96,945
2026-01-18,865,1780449,32.5,35.31,58.79,811
2026-01-25,1037,1783761,32.52,35.52,58.62,959
2026-02-01,655,1787073,32.54,35.73,58.45,607
2026-02-08,776,1790385,32.56,35.95,58.27,720
2026-02-15,686,1793697,32.57,36.16,58.1,607
2026-02-22,797,1797009,32.59,36.38,57.92,725
2026-03-01,847,1800321,32.61,36.6,57.75,780
2026-03-08,653,1803633,32.62,36.82,57.57,605
2026-03-15,777,1806944,32.64,37.04,57.39,703
2026-03-22,729,1810256,32.65,37.26,57.21,659
2026-03-29,724,1813568,32.67,37.49,57.03,675
2026-04-05,765,1816880,32.68,37.71,56.85,705
2026-04-12,793,1820192,32.69,37.94,56.66,738
2026-04-19,780,1823504,32.7,38.17,56.48,702
2026-04-26,699,1826816,32.72,38.39,56.3,629
2026-05-03,673,1830128,32.73,38.62,56.11,610
2026-05-10,745,1833440,32.74,38.85,55.93,674
2026-05-17,801,1836752,32.75,39.08,55.74,738
2026-05-24,687,1840064,32.77,39.31,55.56,642
2026-05-31,639,1843376,32.78,39.54,55.37,569
2026-06-07,717,1846688,32.79,39.77,55.19,672
2026-06-14,708,1850000,32.8,40.0,55.0,654
